"","name","description"
"1","ensembl_gene_id","Ensembl Gene ID"
"2","ensembl_transcript_id","Ensembl Transcript ID"
"3","ensembl_peptide_id","Ensembl Protein ID"
"4","ensembl_exon_id","Ensembl Exon ID"
"5","description","Description"
"6","chromosome_name","Chromosome Name"
"7","start_position","Gene Start (bp)"
"8","end_position","Gene End (bp)"
"9","strand","Strand"
"10","band","Band"
"11","transcript_start","Transcript Start (bp)"
"12","transcript_end","Transcript End (bp)"
"13","transcription_start_site","Transcription Start Site (TSS)"
"14","transcript_length","Transcript length (including UTRs and CDS)"
"15","external_gene_name","Associated Gene Name"
"16","external_gene_source","Associated Gene Source"
"17","external_transcript_name","Associated Transcript Name"
"18","external_transcript_source_name","Associated Transcript Source"
"19","transcript_count","Transcript count"
"20","percentage_gc_content","% GC content"
"21","gene_biotype","Gene type"
"22","transcript_biotype","Transcript type"
"23","source","Source (gene)"
"24","transcript_source","Source (transcript)"
"25","status","Status (gene)"
"26","transcript_status","Status (transcript)"
"27","version","Version (gene)"
"28","transcript_version","Version (transcript)"
"29","go_id","GO Term Accession"
"30","name_1006","GO Term Name"
"31","definition_1006","GO Term Definition"
"32","go_linkage_type","GO Term Evidence Code"
"33","namespace_1003","GO domain"
"34","arrayexpress","ArrayExpress"
"35","chembl","ChEMBL ID(s)"
"36","embl","EMBL (Genbank) ID"
"37","entrezgene","EntrezGene ID"
"38","kegg_enzyme","KEGG ID"
"39","merops","MEROPS ID"
"40","metacyc","MetaCyc ID"
"41","pdb","PDB ID"
"42","protein_id","Protein (Genbank) ID [e.g. AAA02487]"
"43","reactome","Reactome ID"
"44","refseq_mrna","RefSeq mRNA [e.g. NM_001195597]"
"45","refseq_ncrna","RefSeq ncRNA [e.g. NR_002834]"
"46","refseq_peptide","RefSeq Protein ID [e.g. NP_001005353]"
"47","unigene","Unigene ID"
"48","uniparc","UniParc"
"49","unipathway","UniPathway ID"
"50","uniprot_sptrembl","UniProt/TrEMBL Accession"
"51","uniprot_swissprot","UniProt/SwissProt Accession"
"52","wikigene_name","WikiGene Name"
"53","wikigene_id","WikiGene ID"
"54","wikigene_description","WikiGene Description"
"55","wormbase_gene","WormBase Gene Accession"
"56","wormbase_gene_seq_name","WormBase Gene Sequence-name Accession"
"57","wormpep_id","WormPep id"
"58","wormbase_locus","WormBase locus"
"59","wormbase_transcript","WormBase transcript"
"60","efg_agilent_gpl8304","Agilent GPL8304"
"61","efg_agilent_012795","Agilent 012795"
"62","efg_agilent_015061","Agilent 015061"
"63","efg_agilent_020186","Agilent 020186"
"64","efg_agilent_gpl13394","Agilent GPL13394"
"65","efg_agilent_gpl14144","Agilent GPL14144"
"66","efg_wustl_wustl_c_elegans","WUSTL WUSTL-C_elegans"
"67","affy_c_elegans","Affy c elegans probeset"
"68","family","Ensembl Protein Family ID(s)"
"69","family_description","Ensembl Family Description"
"70","pirsf","PIRSF ID"
"71","pirsf_start","PIRSF start"
"72","pirsf_end","PIRSF end"
"73","superfamily","SUPERFAMILY ID"
"74","superfamily_start","SUPERFAMILY start"
"75","superfamily_end","SUPERFAMILY end"
"76","smart","SMART ID"
"77","smart_start","SMART start"
"78","smart_end","SMART end"
"79","profile","Pfscan ID"
"80","profile_start","Pfscan start"
"81","profile_end","Pfscan end"
"82","prosite","ScanProsite ID"
"83","prosite_start","ScanProsite start"
"84","prosite_end","ScanProsite end"
"85","prints","PRINTS ID"
"86","prints_start","PRINTS start"
"87","prints_end","PRINTS end"
"88","pfam","Pfam ID"
"89","pfam_start","Pfam start"
"90","pfam_end","Pfam end"
"91","tigrfam","TIGRFAM ID"
"92","tigrfam_start","TIGRFAM start"
"93","tigrfam_end","TIGRFAM end"
"94","gene3d","Gene3D ID"
"95","gene3d_start","Gene3D start"
"96","gene3d_end","Gene3D end"
"97","hmmpanther","HMMPanther ID"
"98","hmmpanther_start","HMMPanther start"
"99","hmmpanther_end","HMMPanther end"
"100","blastprodom","BlastProdom ID"
"101","blastprodom_start","BlastProdom start"
"102","blastprodom_end","BlastProdom end"
"103","interpro","Interpro ID"
"104","interpro_short_description","Interpro Short Description"
"105","interpro_description","Interpro Description"
"106","interpro_start","Interpro start"
"107","interpro_end","Interpro end"
"108","low_complexity","low complexity (SEG)"
"109","low_complexity_start","low complexity (SEG) start"
"110","low_complexity_end","low complexity (SEG) end"
"111","transmembrane_domain","Transmembrane domain (tmhmm)"
"112","transmembrane_domain_start","Transmembrane domain (tmhmm) start"
"113","transmembrane_domain_end","Transmembrane domain (tmhmm) end"
"114","signal_domain","signal peptide"
"115","signal_domain_start","signal peptide start"
"116","signal_domain_end","signal peptide end"
"117","ncoils","coiled coil (ncoils)"
"118","ncoils_start","coiled coil (ncoils) start"
"119","ncoils_end","coiled coil (ncoils) end"
"120","ensembl_gene_id","Ensembl Gene ID"
"121","ensembl_transcript_id","Ensembl Transcript ID"
"122","ensembl_peptide_id","Ensembl Protein ID"
"123","chromosome_name","Chromosome Name"
"124","start_position","Gene Start (bp)"
"125","end_position","Gene End (bp)"
"126","transcript_start","Transcript Start (bp)"
"127","transcript_end","Transcript End (bp)"
"128","transcription_start_site","Transcription Start Site (TSS)"
"129","transcript_length","Transcript length (including UTRs and CDS)"
"130","strand","Strand"
"131","external_gene_name","Associated Gene Name"
"132","external_gene_source","Associated Gene Source"
"133","5_utr_start","5' UTR Start"
"134","5_utr_end","5' UTR End"
"135","3_utr_start","3' UTR Start"
"136","3_utr_end","3' UTR End"
"137","cds_length","CDS Length"
"138","transcript_count","Transcript count"
"139","description","Description"
"140","gene_biotype","Gene type"
"141","exon_chrom_start","Exon Chr Start (bp)"
"142","exon_chrom_end","Exon Chr End (bp)"
"143","is_constitutive","Constitutive Exon"
"144","rank","Exon Rank in Transcript"
"145","phase","phase"
"146","end_phase","end phase"
"147","cdna_coding_start","cDNA coding start"
"148","cdna_coding_end","cDNA coding end"
"149","genomic_coding_start","Genomic coding start"
"150","genomic_coding_end","Genomic coding end"
"151","ensembl_exon_id","Ensembl Exon ID"
"152","cds_start","CDS Start"
"153","cds_end","CDS End"
"154","ensembl_gene_id","Ensembl Gene ID"
"155","ensembl_transcript_id","Ensembl Transcript ID"
"156","ensembl_peptide_id","Ensembl Protein ID"
"157","chromosome_name","Chromosome Name"
"158","start_position","Gene Start (bp)"
"159","end_position","Gene End (bp)"
"160","strand","Strand"
"161","band","Band"
"162","external_gene_name","Associated Gene Name"
"163","external_gene_source","Associated Gene Source"
"164","transcript_count","Transcript count"
"165","percentage_gc_content","% GC content"
"166","description","Description"
"167","vpacos_homolog_ensembl_gene","Alpaca Ensembl Gene ID"
"168","vpacos_homolog_canonical_transcript_protein","Canonical Protein or Transcript ID"
"169","vpacos_homolog_ensembl_peptide","Alpaca Ensembl Protein ID"
"170","vpacos_homolog_chromosome","Alpaca Chromosome Name"
"171","vpacos_homolog_chrom_start","Alpaca Chromosome Start (bp)"
"172","vpacos_homolog_chrom_end","Alpaca Chromosome End (bp)"
"173","vpacos_homolog_orthology_type","Homology Type"
"174","vpacos_homolog_subtype","Ancestor"
"175","vpacos_homolog_orthology_confidence","Orthology confidence [0 low, 1 high]"
"176","vpacos_homolog_perc_id","% Identity with respect to query gene"
"177","vpacos_homolog_perc_id_r1","% Identity with respect to Alpaca gene"
"178","pformosa_homolog_ensembl_gene","Amazon molly Ensembl Gene ID"
"179","pformosa_homolog_canonical_transcript_protein","Canonical Protein or Transcript ID"
"180","pformosa_homolog_ensembl_peptide","Amazon molly Ensembl Protein ID"
"181","pformosa_homolog_chromosome","Amazon molly Chromosome Name"
"182","pformosa_homolog_chrom_start","Amazon molly Chromosome Start (bp)"
"183","pformosa_homolog_chrom_end","Amazon molly Chromosome End (bp)"
"184","pformosa_homolog_orthology_type","Homology Type"
"185","pformosa_homolog_subtype","Ancestor"
"186","pformosa_homolog_orthology_confidence","Orthology confidence [0 low, 1 high]"
"187","pformosa_homolog_perc_id","% Identity with respect to query gene"
"188","pformosa_homolog_perc_id_r1","% Identity with respect to Amazon molly gene"
"189","acarolinensis_homolog_ensembl_gene","Anole Lizard Ensembl Gene ID"
"190","acarolinensis_homolog_canonical_transcript_protein","Canonical Protein or Transcript ID"
"191","acarolinensis_homolog_ensembl_peptide","Anole Lizard Ensembl Protein ID"
"192","acarolinensis_homolog_chromosome","Anole Lizard Chromosome Name"
"193","acarolinensis_homolog_chrom_start","Anole Lizard Chromosome Start (bp)"
"194","acarolinensis_homolog_chrom_end","Anole Lizard Chromosome End (bp)"
"195","acarolinensis_homolog_orthology_type","Homology Type"
"196","acarolinensis_homolog_subtype","Ancestor"
"197","acarolinensis_homolog_orthology_confidence","Orthology confidence [0 low, 1 high]"
"198","acarolinensis_homolog_perc_id","% Identity with respect to query gene"
"199","acarolinensis_homolog_perc_id_r1","% Identity with respect to Anole Lizard gene"
"200","acarolinensis_homolog_dn","dN"
"201","acarolinensis_homolog_ds","dS"
"202","dnovemcinctus_homolog_ensembl_gene","Armadillo Ensembl Gene ID"
"203","dnovemcinctus_homolog_canonical_transcript_protein","Canonical Protein or Transcript ID"
"204","dnovemcinctus_homolog_ensembl_peptide","Armadillo Ensembl Protein ID"
"205","dnovemcinctus_homolog_chromosome","Armadillo Chromosome Name"
"206","dnovemcinctus_homolog_chrom_start","Armadillo Chromosome Start (bp)"
"207","dnovemcinctus_homolog_chrom_end","Armadillo Chromosome End (bp)"
"208","dnovemcinctus_homolog_orthology_type","Homology Type"
"209","dnovemcinctus_homolog_subtype","Ancestor"
"210","dnovemcinctus_homolog_orthology_confidence","Orthology confidence [0 low, 1 high]"
"211","dnovemcinctus_homolog_perc_id","% Identity with respect to query gene"
"212","dnovemcinctus_homolog_perc_id_r1","% Identity with respect to Armadillo gene"
"213","dnovemcinctus_homolog_dn","dN"
"214","dnovemcinctus_homolog_ds","dS"
"215","gmorhua_homolog_ensembl_gene","Atlantic Cod Ensembl Gene ID"
"216","gmorhua_homolog_canonical_transcript_protein","Canonical Protein or Transcript ID"
"217","gmorhua_homolog_ensembl_protein","Atlantic Cod Ensembl Protein ID"
"218","gmorhua_homolog_chromosome","Atlantic Cod Chromosome Name"
"219","gmorhua_homolog_chrom_start","Atlantic Cod Chromosome Start (bp)"
"220","gmorhua_homolog_chrom_end","Atlantic Cod Chromosome End (bp)"
"221","gmorhua_homolog_orthology_type","Homology Type"
"222","gmorhua_homolog_subtype","Ancestor"
"223","gmorhua_homolog_orthology_confidence","Orthology confidence [0 low, 1 high]"
"224","gmorhua_homolog_perc_id","% Identity with respect to query gene"
"225","gmorhua_homolog_perc_id_r1","% Identity with respect to Atlantic Cod gene"
"226","ogarnettii_homolog_ensembl_gene","Bushbaby Ensembl Gene ID"
"227","ogarnettii_homolog_canonical_transcript_protein","Canonical Protein or Transcript ID"
"228","ogarnettii_homolog_ensembl_peptide","Bushbaby Ensembl Protein ID"
"229","ogarnettii_homolog_chromosome","Bushbaby Chromosome Name"
"230","ogarnettii_homolog_chrom_start","Bushbaby Chromosome Start (bp)"
"231","ogarnettii_homolog_chrom_end","Bushbaby Chromosome End (bp)"
"232","ogarnettii_homolog_orthology_type","Homology Type"
"233","ogarnettii_homolog_subtype","Ancestor"
"234","ogarnettii_homolog_orthology_confidence","Orthology confidence [0 low, 1 high]"
"235","ogarnettii_homolog_perc_id","% Identity with respect to query gene"
"236","ogarnettii_homolog_perc_id_r1","% Identity with respect to Bushbaby gene"
"237","ogarnettii_homolog_dn","dN"
"238","ogarnettii_homolog_ds","dS"
"239","fcatus_homolog_ensembl_gene","Cat Ensembl Gene ID"
"240","fcatus_homolog_canonical_transcript_protein","Canonical Protein or Transcript ID"
"241","fcatus_homolog_ensembl_peptide","Cat Ensembl Protein ID"
"242","fcatus_homolog_chromosome","Cat Chromosome Name"
"243","fcatus_homolog_chrom_start","Cat Chromosome Start (bp)"
"244","fcatus_homolog_chrom_end","Cat Chromosome End (bp)"
"245","fcatus_homolog_orthology_type","Homology Type"
"246","fcatus_homolog_subtype","Ancestor"
"247","fcatus_homolog_orthology_confidence","Orthology confidence [0 low, 1 high]"
"248","fcatus_homolog_perc_id","% Identity with respect to query gene"
"249","fcatus_homolog_perc_id_r1","% Identity with respect to Cat gene"
"250","fcatus_homolog_dn","dN"
"251","fcatus_homolog_ds","dS"
"252","amexicanus_homolog_ensembl_gene","Cave fish Ensembl Gene ID"
"253","amexicanus_homolog_canonical_transcript_protein","Canonical Protein or Transcript ID"
"254","amexicanus_homolog_ensembl_peptide","Cave fish Ensembl Protein ID"
"255","amexicanus_homolog_chromosome","Cave fish Chromosome Name"
"256","amexicanus_homolog_chrom_start","Cave fish Chromosome Start (bp)"
"257","amexicanus_homolog_chrom_end","Cave fish Chromosome End (bp)"
"258","amexicanus_homolog_orthology_type","Homology Type"
"259","amexicanus_homolog_subtype","Ancestor"
"260","amexicanus_homolog_orthology_confidence","Orthology confidence [0 low, 1 high]"
"261","amexicanus_homolog_perc_id","% Identity with respect to query gene"
"262","amexicanus_homolog_perc_id_r1","% Identity with respect to Cave fish gene"
"263","ggallus_homolog_ensembl_gene","Chicken Ensembl Gene ID"
"264","ggallus_homolog_canonical_transcript_protein","Canonical Protein or Transcript ID"
"265","ggallus_homolog_ensembl_peptide","Chicken Ensembl Protein ID"
"266","ggallus_homolog_chromosome","Chicken Chromosome Name"
"267","ggallus_homolog_chrom_start","Chicken Chromosome Start (bp)"
"268","ggallus_homolog_chrom_end","Chicken Chromosome End (bp)"
"269","ggallus_homolog_orthology_type","Homology Type"
"270","ggallus_homolog_subtype","Ancestor"
"271","ggallus_homolog_orthology_confidence","Orthology confidence [0 low, 1 high]"
"272","ggallus_homolog_perc_id","% Identity with respect to query gene"
"273","ggallus_homolog_perc_id_r1","% Identity with respect to Chicken gene"
"274","ggallus_homolog_dn","dN"
"275","ggallus_homolog_ds","dS"
"276","ptroglodytes_homolog_ensembl_gene","Chimpanzee Ensembl Gene ID"
"277","ptroglodytes_homolog_canonical_transcript_protein","Canonical Protein or Transcript ID"
"278","ptroglodytes_homolog_ensembl_peptide","Chimpanzee Ensembl Protein ID"
"279","ptroglodytes_homolog_chromosome","Chimpanzee Chromosome Name"
"280","ptroglodytes_homolog_chrom_start","Chimpanzee Chromosome Start (bp)"
"281","ptroglodytes_homolog_chrom_end","Chimpanzee Chromosome End (bp)"
"282","ptroglodytes_homolog_orthology_type","Homology Type"
"283","ptroglodytes_homolog_subtype","Ancestor"
"284","ptroglodytes_homolog_orthology_confidence","Orthology confidence [0 low, 1 high]"
"285","ptroglodytes_homolog_perc_id","% Identity with respect to query gene"
"286","ptroglodytes_homolog_perc_id_r1","% Identity with respect to Chimpanzee gene"
"287","ptroglodytes_homolog_dn","dN"
"288","ptroglodytes_homolog_ds","dS"
"289","psinensis_homolog_ensembl_gene","Chinese softshell turtle Ensembl Gene ID"
"290","psinensis_homolog_canonical_transcript_protein","Canonical Protein or Transcript ID"
"291","psinensis_homolog_ensembl_peptide","Chinese softshell turtle Ensembl Protein ID"
"292","psinensis_homolog_chromosome","Chinese softshell turtle Chromosome Name"
"293","psinensis_homolog_chrom_start","Chinese softshell turtle Chromosome Start (bp)"
"294","psinensis_homolog_chrom_end","Chinese softshell turtle Chromosome End (bp)"
"295","psinensis_homolog_orthology_type","Homology Type"
"296","psinensis_homolog_subtype","Ancestor"
"297","psinensis_homolog_orthology_confidence","Orthology confidence [0 low, 1 high]"
"298","psinensis_homolog_perc_id","% Identity with respect to query gene"
"299","psinensis_homolog_perc_id_r1","% Identity with respect to Chinese softshell turtle gene"
"300","psinensis_homolog_dn","dN"
"301","psinensis_homolog_ds","dS"
"302","cintestinalis_homolog_ensembl_gene","Ciona intestinalis Ensembl Gene ID"
"303","cintestinalis_homolog_canonical_transcript_protein","Canonical Protein or Transcript ID"
"304","cintestinalis_homolog_ensembl_peptide","Ciona intestinalis Ensembl Protein ID"
"305","cintestinalis_homolog_chromosome","Ciona intestinalis Chromosome Name"
"306","cintestinalis_homolog_chrom_start","Ciona intestinalis Chromosome Start (bp)"
"307","cintestinalis_homolog_chrom_end","Ciona intestinalis Chromosome End (bp)"
"308","cintestinalis_homolog_orthology_type","Homology Type"
"309","cintestinalis_homolog_subtype","Ancestor"
"310","cintestinalis_homolog_orthology_confidence","Orthology confidence [0 low, 1 high]"
"311","cintestinalis_homolog_perc_id","% Identity with respect to query gene"
"312","cintestinalis_homolog_perc_id_r1","% Identity with respect to Ciona intestinalis gene"
"313","cintestinalis_homolog_dn","dN"
"314","cintestinalis_homolog_ds","dS"
"315","csavignyi_homolog_ensembl_gene","Ciona savignyi Ensembl Gene ID"
"316","csavignyi_homolog_canonical_transcript_protein","Canonical Protein or Transcript ID"
"317","csavignyi_homolog_ensembl_peptide","Ciona savignyi Ensembl Protein ID"
"318","csavignyi_homolog_chromosome","Ciona savignyi Chromosome Name"
"319","csavignyi_homolog_chrom_start","Ciona savignyi Chromosome Start (bp)"
"320","csavignyi_homolog_chrom_end","Ciona savignyi Chromosome End (bp)"
"321","csavignyi_homolog_orthology_type","Homology Type"
"322","csavignyi_homolog_subtype","Ancestor"
"323","csavignyi_homolog_orthology_confidence","Orthology confidence [0 low, 1 high]"
"324","csavignyi_homolog_perc_id","% Identity with respect to query gene"
"325","csavignyi_homolog_perc_id_r1","% Identity with respect to Ciona savignyi gene"
"326","csavignyi_homolog_dn","dN"
"327","csavignyi_homolog_ds","dS"
"328","lchalumnae_homolog_ensembl_gene","Coelacanth Ensembl Gene ID"
"329","lchalumnae_homolog_canonical_transcript_protein","Canonical Protein or Transcript ID"
"330","lchalumnae_homolog_ensembl_peptide","Coelacanth Ensembl Protein ID"
"331","lchalumnae_homolog_chromosome","Coelacanth Chromosome Name"
"332","lchalumnae_homolog_chrom_start","Coelacanth Chromosome Start (bp)"
"333","lchalumnae_homolog_chrom_end","Coelacanth Chromosome End (bp)"
"334","lchalumnae_homolog_orthology_type","Homology Type"
"335","lchalumnae_homolog_subtype","Ancestor"
"336","lchalumnae_homolog_orthology_confidence","Orthology confidence [0 low, 1 high]"
"337","lchalumnae_homolog_perc_id","% Identity with respect to query gene"
"338","lchalumnae_homolog_perc_id_r1","% Identity with respect to Coelacanth gene"
"339","saraneus_homolog_ensembl_gene","Common Shrew Ensembl Gene ID"
"340","saraneus_homolog_canonical_transcript_protein","Canonical Protein or Transcript ID"
"341","saraneus_homolog_ensembl_peptide","Common Shrew Ensembl Protein ID"
"342","saraneus_homolog_chromosome","Common Shrew Chromosome Name"
"343","saraneus_homolog_chrom_start","Common Shrew Chromosome Start (bp)"
"344","saraneus_homolog_chrom_end","Common Shrew Chromosome End (bp)"
"345","saraneus_homolog_orthology_type","Homology Type"
"346","saraneus_homolog_subtype","Ancestor"
"347","saraneus_homolog_orthology_confidence","Orthology confidence [0 low, 1 high]"
"348","saraneus_homolog_perc_id","% Identity with respect to query gene"
"349","saraneus_homolog_perc_id_r1","% Identity with respect to Common Shrew gene"
"350","btaurus_homolog_ensembl_gene","Cow Ensembl Gene ID"
"351","btaurus_homolog_canonical_transcript_protein","Canonical Protein or Transcript ID"
"352","btaurus_homolog_ensembl_peptide","Cow Ensembl Protein ID"
"353","btaurus_homolog_chromosome","Cow Chromosome Name"
"354","btaurus_homolog_chrom_start","Cow Chromosome Start (bp)"
"355","btaurus_homolog_chrom_end","Cow Chromosome End (bp)"
"356","btaurus_homolog_orthology_type","Homology Type"
"357","btaurus_homolog_subtype","Ancestor"
"358","btaurus_homolog_orthology_confidence","Orthology confidence [0 low, 1 high]"
"359","btaurus_homolog_perc_id","% Identity with respect to query gene"
"360","btaurus_homolog_perc_id_r1","% Identity with respect to Cow gene"
"361","btaurus_homolog_dn","dN"
"362","btaurus_homolog_ds","dS"
"363","cfamiliaris_homolog_ensembl_gene","Dog Ensembl Gene ID"
"364","cfamiliaris_homolog_canonical_transcript_protein","Canonical Protein or Transcript ID"
"365","cfamiliaris_homolog_ensembl_peptide","Dog Ensembl Protein ID"
"366","cfamiliaris_homolog_chromosome","Dog Chromosome Name"
"367","cfamiliaris_homolog_chrom_start","Dog Chromosome Start (bp)"
"368","cfamiliaris_homolog_chrom_end","Dog Chromosome End (bp)"
"369","cfamiliaris_homolog_orthology_type","Homology Type"
"370","cfamiliaris_homolog_subtype","Ancestor"
"371","cfamiliaris_homolog_orthology_confidence","Orthology confidence [0 low, 1 high]"
"372","cfamiliaris_homolog_perc_id","% Identity with respect to query gene"
"373","cfamiliaris_homolog_perc_id_r1","% Identity with respect to Dog gene"
"374","cfamiliaris_homolog_dn","dN"
"375","cfamiliaris_homolog_ds","dS"
"376","ttruncatus_homolog_ensembl_gene","Dolphin Ensembl Gene ID"
"377","ttruncatus_homolog_canonical_transcript_protein","Canonical Protein or Transcript ID"
"378","ttruncatus_homolog_ensembl_peptide","Dolphin Ensembl Protein ID"
"379","ttruncatus_homolog_chromosome","Dolphin Chromosome Name"
"380","ttruncatus_homolog_chrom_start","Dolphin Chromosome Start (bp)"
"381","ttruncatus_homolog_chrom_end","Dolphin Chromosome End (bp)"
"382","ttruncatus_homolog_orthology_type","Homology Type"
"383","ttruncatus_homolog_subtype","Ancestor"
"384","ttruncatus_homolog_orthology_confidence","Orthology confidence [0 low, 1 high]"
"385","ttruncatus_homolog_perc_id","% Identity with respect to query gene"
"386","ttruncatus_homolog_perc_id_r1","% Identity with respect to Dolphin gene"
"387","dmelanogaster_homolog_ensembl_gene","Drosophila Ensembl Gene ID"
"388","dmelanogaster_homolog_canonical_transcript_protein","Canonical Protein or Transcript ID"
"389","dmelanogaster_homolog_ensembl_peptide","Drosophila Ensembl Protein ID"
"390","dmelanogaster_homolog_chromosome","Drosophila Chromosome Name"
"391","dmelanogaster_homolog_chrom_start","Drosophila Chromosome Start (bp)"
"392","dmelanogaster_homolog_chrom_end","Drosophila Chromosome End (bp)"
"393","dmelanogaster_homolog_orthology_type","Homology Type"
"394","dmelanogaster_homolog_subtype","Ancestor"
"395","dmelanogaster_homolog_orthology_confidence","Orthology confidence [0 low, 1 high]"
"396","dmelanogaster_homolog_perc_id","% Identity with respect to query gene"
"397","dmelanogaster_homolog_perc_id_r1","% Identity with respect to Drosophila gene"
"398","dmelanogaster_homolog_dn","dN"
"399","dmelanogaster_homolog_ds","dS"
"400","aplatyrhynchos_homolog_ensembl_gene","Duck Ensembl Gene ID"
"401","aplatyrhynchos_homolog_canonical_transcript_protein","Canonical Protein or Transcript ID"
"402","aplatyrhynchos_homolog_ensembl_peptide","Duck Ensembl Protein ID"
"403","aplatyrhynchos_homolog_chromosome","Duck Chromosome Name"
"404","aplatyrhynchos_homolog_chrom_start","Duck Chromosome Start (bp)"
"405","aplatyrhynchos_homolog_chrom_end","Duck Chromosome End (bp)"
"406","aplatyrhynchos_homolog_orthology_type","Homology Type"
"407","aplatyrhynchos_homolog_subtype","Ancestor"
"408","aplatyrhynchos_homolog_orthology_confidence","Orthology confidence [0 low, 1 high]"
"409","aplatyrhynchos_homolog_perc_id","% Identity with respect to query gene"
"410","aplatyrhynchos_homolog_perc_id_r1","% Identity with respect to Duck gene"
"411","aplatyrhynchos_homolog_dn","dN"
"412","aplatyrhynchos_homolog_ds","dS"
"413","lafricana_homolog_ensembl_gene","Elephant Ensembl Gene ID"
"414","lafricana_homolog_canonical_transcript_protein","Canonical Protein or Transcript ID"
"415","lafricana_homolog_ensembl_peptide","Elephant Ensembl Protein ID"
"416","lafricana_homolog_chromosome","Elephant Chromosome Name"
"417","lafricana_homolog_chrom_start","Elephant Chromosome Start (bp)"
"418","lafricana_homolog_chrom_end","Elephant Chromosome End (bp)"
"419","lafricana_homolog_orthology_type","Homology Type"
"420","lafricana_homolog_subtype","Ancestor"
"421","lafricana_homolog_orthology_confidence","Orthology confidence [0 low, 1 high]"
"422","lafricana_homolog_perc_id","% Identity with respect to query gene"
"423","lafricana_homolog_perc_id_r1","% Identity with respect to Elephant gene"
"424","lafricana_homolog_dn","dN"
"425","lafricana_homolog_ds","dS"
"426","mfuro_homolog_ensembl_gene","Ferret Ensembl Gene ID"
"427","mfuro_homolog_canonical_transcript_protein","Canonical Protein or Transcript ID"
"428","mfuro_homolog_ensembl_peptide","Ferret Ensembl Protein ID"
"429","mfuro_homolog_chromosome","Ferret Chromosome Name"
"430","mfuro_homolog_chrom_start","Ferret Chromosome Start (bp)"
"431","mfuro_homolog_chrom_end","Ferret Chromosome End (bp)"
"432","mfuro_homolog_orthology_type","Homology Type"
"433","mfuro_homolog_subtype","Ancestor"
"434","mfuro_homolog_orthology_confidence","Orthology confidence [0 low, 1 high]"
"435","mfuro_homolog_perc_id","% Identity with respect to query gene"
"436","mfuro_homolog_perc_id_r1","% Identity with respect to Ferret gene"
"437","mfuro_homolog_dn","dN"
"438","mfuro_homolog_ds","dS"
"439","falbicollis_homolog_ensembl_gene","Flycatcher Ensembl Gene ID"
"440","falbicollis_homolog_canonical_transcript_protein","Canonical Protein or Transcript ID"
"441","falbicollis_homolog_ensembl_peptide","Flycatcher Ensembl Protein ID"
"442","falbicollis_homolog_chromosome","Flycatcher Chromosome Name"
"443","falbicollis_homolog_chrom_start","Flycatcher Chromosome Start (bp)"
"444","falbicollis_homolog_chrom_end","Flycatcher Chromosome End (bp)"
"445","falbicollis_homolog_orthology_type","Homology Type"
"446","falbicollis_homolog_subtype","Ancestor"
"447","falbicollis_homolog_orthology_confidence","Orthology confidence [0 low, 1 high]"
"448","falbicollis_homolog_perc_id","% Identity with respect to query gene"
"449","falbicollis_homolog_perc_id_r1","% Identity with respect to Flycatcher gene"
"450","falbicollis_homolog_dn","dN"
"451","falbicollis_homolog_ds","dS"
"452","trubripes_homolog_ensembl_gene","Fugu Ensembl Gene ID"
"453","trubripes_homolog_canonical_transcript_protein","Canonical Protein or Transcript ID"
"454","trubripes_homolog_ensembl_peptide","Fugu Ensembl Protein ID"
"455","trubripes_homolog_chromosome","Fugu Chromosome Name"
"456","trubripes_homolog_chrom_start","Fugu Chromosome Start (bp)"
"457","trubripes_homolog_chrom_end","Fugu Chromosome End (bp)"
"458","trubripes_homolog_orthology_type","Homology Type"
"459","trubripes_homolog_subtype","Ancestor"
"460","trubripes_homolog_orthology_confidence","Orthology confidence [0 low, 1 high]"
"461","trubripes_homolog_perc_id","% Identity with respect to query gene"
"462","trubripes_homolog_perc_id_r1","% Identity with respect to Fugu gene"
"463","trubripes_homolog_dn","dN"
"464","trubripes_homolog_ds","dS"
"465","nleucogenys_homolog_ensembl_gene","Gibbon Ensembl Gene ID"
"466","nleucogenys_homolog_canonical_transcript_protein","Canonical Protein or Transcript ID"
"467","nleucogenys_homolog_ensembl_peptide","Gibbon Ensembl Protein ID"
"468","nleucogenys_homolog_chromosome","Gibbon Chromosome Name"
"469","nleucogenys_homolog_chrom_start","Gibbon Chromosome Start (bp)"
"470","nleucogenys_homolog_chrom_end","Gibbon Chromosome End (bp)"
"471","nleucogenys_homolog_orthology_type","Homology Type"
"472","nleucogenys_homolog_subtype","Ancestor"
"473","nleucogenys_homolog_orthology_confidence","Orthology confidence [0 low, 1 high]"
"474","nleucogenys_homolog_perc_id","% Identity with respect to query gene"
"475","nleucogenys_homolog_perc_id_r1","% Identity with respect to Gibbon gene"
"476","nleucogenys_homolog_dn","dN"
"477","nleucogenys_homolog_ds","dS"
"478","ggorilla_homolog_ensembl_gene","Gorilla Ensembl Gene ID"
"479","ggorilla_homolog_canomical_transcript_protein","Canonical Protein or Transcript ID"
"480","ggorilla_homolog_ensembl_peptide","Gorilla Ensembl Protein ID"
"481","ggorilla_homolog_chromosome","Gorilla Chromosome Name"
"482","ggorilla_homolog_chrom_start","Gorilla Chromosome Start (bp)"
"483","ggorilla_homolog_chrom_end","Gorilla Chromosome End (bp)"
"484","ggorilla_homolog_orthology_type","Homology Type"
"485","ggorilla_homolog_subtype","Ancestor"
"486","ggorilla_homolog_orthology_confidence","Orthology confidence [0 low, 1 high]"
"487","ggorilla_homolog_perc_id","% Identity with respect to query gene"
"488","ggorilla_homolog_perc_id_r1","% Identity with respect to Gorilla gene"
"489","ggorilla_homolog_dn","dN"
"490","ggorilla_homolog_ds","dS"
"491","cporcellus_homolog_ensembl_gene","Guinea Pig Ensembl Gene ID"
"492","cporcellus_homolog_canonical_transcript_protein","Canonical Protein or Transcript ID"
"493","cporcellus_homolog_ensembl_peptide","Guinea Pig Ensembl Protein ID"
"494","cporcellus_homolog_chromosome","Guinea Pig Chromosome Name"
"495","cporcellus_homolog_chrom_start","Guinea Pig Chromosome Start (bp)"
"496","cporcellus_homolog_chrom_end","Guinea Pig Chromosome End (bp)"
"497","cporcellus_homolog_orthology_type","Homology Type"
"498","cporcellus_homolog_subtype","Ancestor"
"499","cporcellus_homolog_orthology_confidence","Orthology confidence [0 low, 1 high]"
"500","cporcellus_homolog_perc_id","% Identity with respect to query gene"
"501","cporcellus_homolog_perc_id_r1","% Identity with respect to Guinea Pig gene"
"502","cporcellus_homolog_dn","dN"
"503","cporcellus_homolog_ds","dS"
"504","eeuropaeus_homolog_ensembl_gene","Hedgehog Ensembl Gene ID"
"505","eeuropaeus_homolog_canonical_transcript_protein","Canonical Protein or Transcript ID"
"506","eeuropaeus_homolog_ensembl_peptide","Hedgehog Ensembl Protein ID"
"507","eeuropaeus_homolog_chromosome","Hedgehog Chromosome Name"
"508","eeuropaeus_homolog_chrom_start","Hedgehog Chromosome Start (bp)"
"509","eeuropaeus_homolog_chrom_end","Hedgehog Chromosome End (bp)"
"510","eeuropaeus_homolog_orthology_type","Homology Type"
"511","eeuropaeus_homolog_subtype","Ancestor"
"512","eeuropaeus_homolog_orthology_confidence","Orthology confidence [0 low, 1 high]"
"513","eeuropaeus_homolog_perc_id","% Identity with respect to query gene"
"514","eeuropaeus_homolog_perc_id_r1","% Identity with respect to Hedgehog gene"
"515","ecaballus_homolog_ensembl_gene","Horse Ensembl Gene ID"
"516","ecaballus_homolog_canonical_transcript_protein","Canonical Protein or Transcript ID"
"517","ecaballus_homolog_ensembl_peptide","Horse Ensembl Protein ID"
"518","ecaballus_homolog_chromosome","Horse Chromosome Name"
"519","ecaballus_homolog_chrom_start","Horse Chromosome Start (bp)"
"520","ecaballus_homolog_chrom_end","Horse Chromosome End (bp)"
"521","ecaballus_homolog_orthology_type","Homology Type"
"522","ecaballus_homolog_subtype","Ancestor"
"523","ecaballus_homolog_orthology_confidence","Orthology confidence [0 low, 1 high]"
"524","ecaballus_homolog_perc_id","% Identity with respect to query gene"
"525","ecaballus_homolog_perc_id_r1","% Identity with respect to Horse gene"
"526","ecaballus_homolog_dn","dN"
"527","ecaballus_homolog_ds","dS"
"528","hsapiens_homolog_ensembl_gene","Human Ensembl Gene ID"
"529","hsapiens_homolog_canonical_transcript_protein","Canonical Protein or Transcript ID"
"530","hsapiens_homolog_ensembl_peptide","Human Ensembl Protein ID"
"531","hsapiens_homolog_chromosome","Human Chromosome Name"
"532","hsapiens_homolog_chrom_start","Human Chromosome Start (bp)"
"533","hsapiens_homolog_chrom_end","Human Chromosome End (bp)"
"534","hsapiens_homolog_orthology_type","Homology Type"
"535","hsapiens_homolog_subtype","Ancestor"
"536","hsapiens_homolog_orthology_confidence","Orthology confidence [0 low, 1 high]"
"537","hsapiens_homolog_perc_id","% Identity with respect to query gene"
"538","hsapiens_homolog_perc_id_r1","% Identity with respect to Human gene"
"539","hsapiens_homolog_dn","dN"
"540","hsapiens_homolog_ds","dS"
"541","dordii_homolog_ensembl_gene","Kangaroo Rat Ensembl Gene ID"
"542","dordii_homolog_canonical_transcript_protein","Canonical Protein or Transcript ID"
"543","dordii_homolog_ensembl_peptide","Kangaroo Rat Ensembl Protein ID"
"544","dordii_homolog_chromosome","Kangaroo Rat Chromosome Name"
"545","dordii_homolog_chrom_start","Kangaroo Rat Chromosome Start (bp)"
"546","dordii_homolog_chrom_end","Kangaroo Rat Chromosome End (bp)"
"547","dordii_homolog_orthology_type","Homology Type"
"548","dordii_homolog_subtype","Ancestor"
"549","dordii_homolog_orthology_confidence","Orthology confidence [0 low, 1 high]"
"550","dordii_homolog_perc_id","% Identity with respect to query gene"
"551","dordii_homolog_perc_id_r1","% Identity with respect to Kangaroo Rat gene"
"552","pmarinus_homolog_ensembl_gene","Lamprey Ensembl Gene ID"
"553","pmarinus_homolog_canonical_transcript_protein","Canonical Protein or Transcript ID"
"554","pmarinus_homolog_ensembl_peptide","Lamprey Ensembl Protein ID"
"555","pmarinus_homolog_chromosome","Lamprey Chromosome Name"
"556","pmarinus_homolog_chrom_start","Lamprey Chromosome Start (bp)"
"557","pmarinus_homolog_chrom_end","Lamprey Chromosome End (bp)"
"558","pmarinus_homolog_orthology_type","Homology Type"
"559","pmarinus_homolog_subtype","Ancestor"
"560","pmarinus_homolog_orthology_confidence","Orthology confidence [0 low, 1 high]"
"561","pmarinus_homolog_perc_id","% Identity with respect to query gene"
"562","pmarinus_homolog_perc_id_r1","% Identity with respect to Lamprey gene"
"563","etelfairi_homolog_ensembl_gene","Lesser hedgehog tenrec Ensembl Gene ID"
"564","etelfairi_homolog_canonical_transcript_protein","Canonical Protein or Transcript ID"
"565","etelfairi_homolog_ensembl_peptide","Lesser hedgehog tenrec Ensembl Protein ID"
"566","etelfairi_homolog_chromosome","Lesser hedgehog tenrec Chromosome Name"
"567","etelfairi_homolog_chrom_start","Lesser hedgehog tenrec Chromosome Start (bp)"
"568","etelfairi_homolog_chrom_end","Lesser hedgehog tenrec Chromosome End (bp)"
"569","etelfairi_homolog_orthology_type","Homology Type"
"570","etelfairi_homolog_subtype","Ancestor"
"571","etelfairi_homolog_orthology_confidence","Orthology confidence [0 low, 1 high]"
"572","etelfairi_homolog_perc_id","% Identity with respect to query gene"
"573","etelfairi_homolog_perc_id_r1","% Identity with respect to Lesser hedgehog tenrec gene"
"574","mmulatta_homolog_ensembl_gene","Macaque Ensembl Gene ID"
"575","mmulatta_homolog_canonical_transcript_protein","Canonical Protein or Transcript ID"
"576","mmulatta_homolog_ensembl_peptide","Macaque Ensembl Protein ID"
"577","mmulatta_homolog_chromosome","Macaque Chromosome Name"
"578","mmulatta_homolog_chrom_start","Macaque Chromosome Start (bp)"
"579","mmulatta_homolog_chrom_end","Macaque Chromosome End (bp)"
"580","mmulatta_homolog_orthology_type","Homology Type"
"581","mmulatta_homolog_subtype","Ancestor"
"582","mmulatta_homolog_orthology_confidence","Orthology confidence [0 low, 1 high]"
"583","mmulatta_homolog_perc_id","% Identity with respect to query gene"
"584","mmulatta_homolog_perc_id_r1","% Identity with respect to Macaque gene"
"585","mmulatta_homolog_dn","dN"
"586","mmulatta_homolog_ds","dS"
"587","cjacchus_homolog_ensembl_gene","Marmoset Ensembl Gene ID"
"588","cjacchus_homolog_canonical_transcript_protein","Canonical Protein or Transcript ID"
"589","cjacchus_homolog_ensembl_peptide","Marmoset Ensembl Protein ID"
"590","cjacchus_homolog_chromosome","Marmoset Chromosome Name"
"591","cjacchus_homolog_chrom_start","Marmoset Chromosome Start (bp)"
"592","cjacchus_homolog_chrom_end","Marmoset Chromosome End (bp)"
"593","cjacchus_homolog_orthology_type","Homology Type"
"594","cjacchus_homolog_subtype","Ancestor"
"595","cjacchus_homolog_orthology_confidence","Orthology confidence [0 low, 1 high]"
"596","cjacchus_homolog_perc_id","% Identity with respect to query gene"
"597","cjacchus_homolog_perc_id_r1","% Identity with respect to Marmoset gene"
"598","cjacchus_homolog_dn","dN"
"599","cjacchus_homolog_ds","dS"
"600","olatipes_homolog_ensembl_gene","Medaka Ensembl Gene ID"
"601","olatipes_homolog_canonical_transcript_protein","Canonical Protein or Transcript ID"
"602","olatipes_homolog_ensembl_peptide","Medaka Ensembl Protein ID"
"603","olatipes_homolog_chromosome","Medaka Chromosome Name"
"604","olatipes_homolog_chrom_start","Medaka Chromosome Start (bp)"
"605","olatipes_homolog_chrom_end","Medaka Chromosome End (bp)"
"606","olatipes_homolog_orthology_type","Homology Type"
"607","olatipes_homolog_subtype","Ancestor"
"608","olatipes_homolog_orthology_confidence","Orthology confidence [0 low, 1 high]"
"609","olatipes_homolog_perc_id","% Identity with respect to query gene"
"610","olatipes_homolog_perc_id_r1","% Identity with respect to Medaka gene"
"611","olatipes_homolog_dn","dN"
"612","olatipes_homolog_ds","dS"
"613","pvampyrus_homolog_ensembl_gene","Megabat Ensembl Gene ID"
"614","pvampyrus_homolog_canonical_transcript_protein","Canonical Protein or Transcript ID"
"615","pvampyrus_homolog_ensembl_peptide","Megabat Ensembl Protein ID"
"616","pvampyrus_homolog_chromosome","Megabat Chromosome Name"
"617","pvampyrus_homolog_chrom_start","Megabat Chromosome Start (bp)"
"618","pvampyrus_homolog_chrom_end","Megabat Chromosome End (bp)"
"619","pvampyrus_homolog_orthology_type","Homology Type"
"620","pvampyrus_homolog_subtype","Ancestor"
"621","pvampyrus_homolog_orthology_confidence","Orthology confidence [0 low, 1 high]"
"622","pvampyrus_homolog_perc_id","% Identity with respect to query gene"
"623","pvampyrus_homolog_perc_id_r1","% Identity with respect to Megabat gene"
"624","mlucifugus_homolog_ensembl_gene","Microbat Ensembl Gene ID"
"625","mlucifugus_homolog_canonical_transcript_protein","Canonical Protein or Transcript ID"
"626","mlucifugus_homolog_ensembl_peptide","Microbat Ensembl Protein ID"
"627","mlucifugus_homolog_chromosome","Microbat Chromosome Name"
"628","mlucifugus_homolog_chrom_start","Microbat Chromosome Start (bp)"
"629","mlucifugus_homolog_chrom_end","Microbat Chromosome End (bp)"
"630","mlucifugus_homolog_orthology_type","Homology Type"
"631","mlucifugus_homolog_subtype","Ancestor"
"632","mlucifugus_homolog_orthology_confidence","Orthology confidence [0 low, 1 high]"
"633","mlucifugus_homolog_perc_id","% Identity with respect to query gene"
"634","mlucifugus_homolog_perc_id_r1","% Identity with respect to Microbat gene"
"635","mlucifugus_homolog_dn","dN"
"636","mlucifugus_homolog_ds","dS"
"637","mmusculus_homolog_ensembl_gene","Mouse Ensembl Gene ID"
"638","mmusculus_homolog_canonical_transcript_protein","Canonical Protein or Transcript ID"
"639","mmusculus_homolog_ensembl_peptide","Mouse Ensembl Protein ID"
"640","mmusculus_homolog_chromosome","Mouse Chromosome Name"
"641","mmusculus_homolog_chrom_start","Mouse Chromosome Start (bp)"
"642","mmusculus_homolog_chrom_end","Mouse Chromosome End (bp)"
"643","mmusculus_homolog_orthology_type","Homology Type"
"644","mmusculus_homolog_subtype","Ancestor"
"645","mmusculus_homolog_orthology_confidence","Orthology confidence [0 low, 1 high]"
"646","mmusculus_homolog_perc_id","% Identity with respect to query gene"
"647","mmusculus_homolog_perc_id_r1","% Identity with respect to Mouse gene"
"648","mmusculus_homolog_dn","dN"
"649","mmusculus_homolog_ds","dS"
"650","mmurinus_homolog_ensembl_gene","Mouse Lemur Ensembl Gene ID"
"651","mmurinus_homolog_canonical_transcript_protein","Canonical Protein or Transcript ID"
"652","mmurinus_homolog_ensembl_peptide","Mouse Lemur Ensembl Protein ID"
"653","mmurinus_homolog_chromosome","Mouse Lemur Chromosome Name"
"654","mmurinus_homolog_chrom_start","Mouse Lemur Chromosome Start (bp)"
"655","mmurinus_homolog_chrom_end","Mouse Lemur Chromosome End (bp)"
"656","mmurinus_homolog_orthology_type","Homology Type"
"657","mmurinus_homolog_subtype","Ancestor"
"658","mmurinus_homolog_orthology_confidence","Orthology confidence [0 low, 1 high]"
"659","mmurinus_homolog_perc_id","% Identity with respect to query gene"
"660","mmurinus_homolog_perc_id_r1","% Identity with respect to Mouse Lemur gene"
"661","oniloticus_homolog_ensembl_gene","Nile tilapia Ensembl Gene ID"
"662","oniloticus_homolog_canonical_transcript_protein","Canonical Protein or Transcript ID"
"663","oniloticus_homolog_ensembl_peptide","Nile tilapia Ensembl Protein ID"
"664","oniloticus_homolog_chromosome","Nile tilapia Chromosome Name"
"665","oniloticus_homolog_chrom_start","Nile tilapia Chromosome Start (bp)"
"666","oniloticus_homolog_chrom_end","Nile tilapia Chromosome End (bp)"
"667","oniloticus_homolog_orthology_type","Homology Type"
"668","oniloticus_homolog_subtype","Ancestor"
"669","oniloticus_homolog_orthology_confidence","Orthology confidence [0 low, 1 high]"
"670","oniloticus_homolog_perc_id","% Identity with respect to query gene"
"671","oniloticus_homolog_perc_id_r1","% Identity with respect to Nile tilapia gene"
"672","panubis_homolog_ensembl_gene","Olive baboon Ensembl Gene ID"
"673","panubis_homolog_canonical_transcript_protein","Canonical Protein or Transcript ID"
"674","panubis_homolog_ensembl_peptide","Olive baboon Ensembl Protein ID"
"675","panubis_homolog_chromosome","Olive baboon Chromosome Name"
"676","panubis_homolog_chrom_start","Olive baboon Chromosome Start (bp)"
"677","panubis_homolog_chrom_end","Olive baboon Chromosome End (bp)"
"678","panubis_homolog_orthology_type","Homology Type"
"679","panubis_homolog_subtype","Ancestor"
"680","panubis_homolog_orthology_confidence","Orthology confidence [0 low, 1 high]"
"681","panubis_homolog_perc_id","% Identity with respect to query gene"
"682","panubis_homolog_perc_id_r1","% Identity with respect to Olive baboon gene"
"683","panubis_homolog_dn","dN"
"684","panubis_homolog_ds","dS"
"685","mdomestica_homolog_ensembl_gene","Opossum Ensembl Gene ID"
"686","mdomestica_homolog_canonical_transcript_protein","Canonical Protein or Transcript ID"
"687","mdomestica_homolog_ensembl_peptide","Opossum Ensembl Protein ID"
"688","mdomestica_homolog_chromosome","Opossum Chromosome Name"
"689","mdomestica_homolog_chrom_start","Opossum Chromosome Start (bp)"
"690","mdomestica_homolog_chrom_end","Opossum Chromosome End (bp)"
"691","mdomestica_homolog_orthology_type","Homology Type"
"692","mdomestica_homolog_subtype","Ancestor"
"693","mdomestica_homolog_orthology_confidence","Orthology confidence [0 low, 1 high]"
"694","mdomestica_homolog_perc_id","% Identity with respect to query gene"
"695","mdomestica_homolog_perc_id_r1","% Identity with respect to Opossum gene"
"696","mdomestica_homolog_dn","dN"
"697","mdomestica_homolog_ds","dS"
"698","pabelii_homolog_ensembl_gene","Orangutan Ensembl Gene ID"
"699","pabelii_homolog_canonical_transcript_protein","Canonical Protein or Transcript ID"
"700","pabelii_homolog_ensembl_peptide","Orangutan Ensembl Protein ID"
"701","pabelii_homolog_chromosome","Orangutan Chromosome Name"
"702","pabelii_homolog_chrom_start","Orangutan Chromosome Start (bp)"
"703","pabelii_homolog_chrom_end","Orangutan Chromosome End (bp)"
"704","pabelii_homolog_orthology_type","Homology Type"
"705","pabelii_homolog_subtype","Ancestor"
"706","pabelii_homolog_orthology_confidence","Orthology confidence [0 low, 1 high]"
"707","pabelii_homolog_perc_id","% Identity with respect to query gene"
"708","pabelii_homolog_perc_id_r1","% Identity with respect to Orangutan gene"
"709","pabelii_homolog_dn","dN"
"710","pabelii_homolog_ds","dS"
"711","amelanoleuca_homolog_ensembl_gene","Panda Ensembl Gene ID"
"712","amelanoleuca_homolog_canonical_transcript_protein","Canonical Protein or Transcript ID"
"713","amelanoleuca_homolog_ensembl_peptide","Panda Ensembl Protein ID"
"714","amelanoleuca_homolog_chromosome","Panda Chromosome Name"
"715","amelanoleuca_homolog_chrom_start","Panda Chromosome Start (bp)"
"716","amelanoleuca_homolog_chrom_end","Panda Chromosome End (bp)"
"717","amelanoleuca_homolog_orthology_type","Homology Type"
"718","amelanoleuca_homolog_subtype","Ancestor"
"719","amelanoleuca_homolog_orthology_confidence","Orthology confidence [0 low, 1 high]"
"720","amelanoleuca_homolog_perc_id","% Identity with respect to query gene"
"721","amelanoleuca_homolog_perc_id_r1","% Identity with respect to Panda gene"
"722","amelanoleuca_homolog_dn","dN"
"723","amelanoleuca_homolog_ds","dS"
"724","sscrofa_homolog_ensembl_gene","Pig Ensembl Gene ID"
"725","sscrofa_homolog_canonical_transcript_protein","Canonical Protein or Transcript ID"
"726","sscrofa_homolog_ensembl_peptide","Pig Ensembl Protein ID"
"727","sscrofa_homolog_chromosome","Pig Chromosome Name"
"728","sscrofa_homolog_chrom_start","Pig Chromosome Start (bp)"
"729","sscrofa_homolog_chrom_end","Pig Chromosome End (bp)"
"730","sscrofa_homolog_orthology_type","Homology Type"
"731","sscrofa_homolog_subtype","Ancestor"
"732","sscrofa_homolog_orthology_confidence","Orthology confidence [0 low, 1 high]"
"733","sscrofa_homolog_perc_id","% Identity with respect to query gene"
"734","sscrofa_homolog_perc_id_r1","% Identity with respect to Pig gene"
"735","sscrofa_homolog_dn","dN"
"736","sscrofa_homolog_ds","dS"
"737","oprinceps_homolog_ensembl_gene","Pika Ensembl Gene ID"
"738","oprinceps_homolog_canonical_transcript_protein","Canonical Protein or Transcript ID"
"739","oprinceps_homolog_ensembl_peptide","Pika Ensembl Protein ID"
"740","oprinceps_homolog_chromosome","Pika Chromosome Name"
"741","oprinceps_homolog_chrom_start","Pika Chromosome Start (bp)"
"742","oprinceps_homolog_chrom_end","Pika Chromosome End (bp)"
"743","oprinceps_homolog_orthology_type","Homology Type"
"744","oprinceps_homolog_subtype","Ancestor"
"745","oprinceps_homolog_orthology_confidence","Orthology confidence [0 low, 1 high]"
"746","oprinceps_homolog_perc_id","% Identity with respect to query gene"
"747","oprinceps_homolog_perc_id_r1","% Identity with respect to Pika gene"
"748","xmaculatus_homolog_ensembl_gene","Platyfish Ensembl Gene ID"
"749","xmaculatus_homolog_canonical_transcript_protein","Canonical Protein or Transcript ID"
"750","xmaculatus_homolog_ensembl_peptide","Platyfish Ensembl Protein ID"
"751","xmaculatus_homolog_chromosome","Platyfish Chromosome Name"
"752","xmaculatus_homolog_chrom_start","Platyfish Chromosome Start (bp)"
"753","xmaculatus_homolog_chrom_end","Platyfish Chromosome End (bp)"
"754","xmaculatus_homolog_orthology_type","Homology Type"
"755","xmaculatus_homolog_subtype","Ancestor"
"756","xmaculatus_homolog_orthology_confidence","Orthology confidence [0 low, 1 high]"
"757","xmaculatus_homolog_perc_id","% Identity with respect to query gene"
"758","xmaculatus_homolog_perc_id_r1","% Identity with respect to Platyfish gene"
"759","oanatinus_homolog_ensembl_gene","Platypus Ensembl Gene ID"
"760","oanatinus_homolog_canonical_transcript_protein","Canonical Protein or Transcript ID"
"761","oanatinus_homolog_ensembl_peptide","Platypus Ensembl Protein ID"
"762","oanatinus_homolog_chromosome","Platypus Chromosome Name"
"763","oanatinus_homolog_chrom_start","Platypus Chromosome Start (bp)"
"764","oanatinus_homolog_chrom_end","Platypus Chromosome End (bp)"
"765","oanatinus_homolog_orthology_type","Homology Type"
"766","oanatinus_homolog_subtype","Ancestor"
"767","oanatinus_homolog_orthology_confidence","Orthology confidence [0 low, 1 high]"
"768","oanatinus_homolog_perc_id","% Identity with respect to query gene"
"769","oanatinus_homolog_perc_id_r1","% Identity with respect to Platypus gene"
"770","oanatinus_homolog_dn","dN"
"771","oanatinus_homolog_ds","dS"
"772","ocuniculus_homolog_ensembl_gene","Rabbit Ensembl Gene ID"
"773","ocuniculus_homolog_canonical_transcript_protein","Canonical Protein or Transcript ID"
"774","ocuniculus_homolog_ensembl_peptide","Rabbit Ensembl Protein ID"
"775","ocuniculus_homolog_chromosome","Rabbit Chromosome Name"
"776","ocuniculus_homolog_chrom_start","Rabbit Chromosome Start (bp)"
"777","ocuniculus_homolog_chrom_end","Rabbit Chromosome End (bp)"
"778","ocuniculus_homolog_orthology_type","Homology Type"
"779","ocuniculus_homolog_subtype","Ancestor"
"780","ocuniculus_homolog_orthology_confidence","Orthology confidence [0 low, 1 high]"
"781","ocuniculus_homolog_perc_id","% Identity with respect to query gene"
"782","ocuniculus_homolog_perc_id_r1","% Identity with respect to Rabbit gene"
"783","ocuniculus_homolog_dn","dN"
"784","ocuniculus_homolog_ds","dS"
"785","rnorvegicus_homolog_ensembl_gene","Rat Ensembl Gene ID"
"786","rnorvegicus_homolog_canonical_transcript_protein","Canonical Protein or Transcript ID"
"787","rnorvegicus_homolog_ensembl_peptide","Rat Ensembl Protein ID"
"788","rnorvegicus_homolog_chromosome","Rat Chromosome Name"
"789","rnorvegicus_homolog_chrom_start","Rat Chromosome Start (bp)"
"790","rnorvegicus_homolog_chrom_end","Rat Chromosome End (bp)"
"791","rnorvegicus_homolog_orthology_type","Homology Type"
"792","rnorvegicus_homolog_subtype","Ancestor"
"793","rnorvegicus_homolog_orthology_confidence","Orthology confidence [0 low, 1 high]"
"794","rnorvegicus_homolog_perc_id","% Identity with respect to query gene"
"795","rnorvegicus_homolog_perc_id_r1","% Identity with respect to Rat gene"
"796","rnorvegicus_homolog_dn","dN"
"797","rnorvegicus_homolog_ds","dS"
"798","pcapensis_homolog_ensembl_gene","Rock Hyrax Ensembl Gene ID"
"799","pcapensis_homolog_canonical_transcript_protein","Canonical Protein or Transcript ID"
"800","pcapensis_homolog_ensembl_peptide","Rock Hyrax Ensembl Protein ID"
"801","pcapensis_homolog_chromosome","Rock Hyrax Chromosome Name"
"802","pcapensis_homolog_chrom_start","Rock Hyrax Chromosome Start (bp)"
"803","pcapensis_homolog_chrom_end","Rock Hyrax Chromosome End (bp)"
"804","pcapensis_homolog_orthology_type","Homology Type"
"805","pcapensis_homolog_subtype","Ancestor"
"806","pcapensis_homolog_orthology_confidence","Orthology confidence [0 low, 1 high]"
"807","pcapensis_homolog_perc_id","% Identity with respect to query gene"
"808","pcapensis_homolog_perc_id_r1","% Identity with respect to Rock Hyrax gene"
"809","oaries_homolog_ensembl_gene","Sheep Ensembl Gene ID"
"810","oaries_homolog_canonical_transcript_protein","Canonical Protein or Transcript ID"
"811","oaries_homolog_ensembl_peptide","Sheep Ensembl Protein ID"
"812","oaries_homolog_chromosome","Sheep Chromosome Name"
"813","oaries_homolog_chrom_start","Sheep Chromosome Start (bp)"
"814","oaries_homolog_chrom_end","Sheep Chromosome End (bp)"
"815","oaries_homolog_orthology_type","Homology Type"
"816","oaries_homolog_subtype","Ancestor"
"817","oaries_homolog_orthology_confidence","Orthology confidence [0 low, 1 high]"
"818","oaries_homolog_perc_id","% Identity with respect to query gene"
"819","oaries_homolog_perc_id_r1","% Identity with respect to Sheep gene"
"820","oaries_homolog_dn","dN"
"821","oaries_homolog_ds","dS"
"822","choffmanni_homolog_ensembl_gene","Sloth Ensembl Gene ID"
"823","choffmanni_homolog_canonical_transcript_protein","Canonical Protein or Transcript ID"
"824","choffmanni_homolog_ensembl_peptide","Sloth Ensembl Protein ID"
"825","choffmanni_homolog_chromosome","Sloth Chromosome Name"
"826","choffmanni_homolog_chrom_start","Sloth Chromosome Start (bp)"
"827","choffmanni_homolog_chrom_end","Sloth Chromosome End (bp)"
"828","choffmanni_homolog_orthology_type","Homology Type"
"829","choffmanni_homolog_subtype","Ancestor"
"830","choffmanni_homolog_orthology_confidence","Orthology confidence [0 low, 1 high]"
"831","choffmanni_homolog_perc_id","% Identity with respect to query gene"
"832","choffmanni_homolog_perc_id_r1","% Identity with respect to Sloth gene"
"833","loculatus_homolog_ensembl_gene","Spotted gar Ensembl Gene ID"
"834","loculatus_homolog_canonical_transcript_protein","Canonical Protein or Transcript ID"
"835","loculatus_homolog_ensembl_peptide","Spotted gar Ensembl Protein ID"
"836","loculatus_homolog_chromosome","Spotted gar Chromosome Name"
"837","loculatus_homolog_chrom_start","Spotted gar Chromosome Start (bp)"
"838","loculatus_homolog_chrom_end","Spotted gar Chromosome End (bp)"
"839","loculatus_homolog_orthology_type","Homology Type"
"840","loculatus_homolog_subtype","Ancestor"
"841","loculatus_homolog_orthology_confidence","Orthology confidence [0 low, 1 high]"
"842","loculatus_homolog_perc_id","% Identity with respect to query gene"
"843","loculatus_homolog_perc_id_r1","% Identity with respect to Spotted gar gene"
"844","itridecemlineatus_homolog_ensembl_gene","Squirrel Ensembl Gene ID"
"845","itridecemlineatus_homolog_canonical_transcript_protein","Canonical Protein or Transcript ID"
"846","itridecemlineatus_homolog_ensembl_peptide","Squirrel Ensembl Protein ID"
"847","itridecemlineatus_homolog_chromosome","Squirrel Chromosome Name"
"848","itridecemlineatus_homolog_chrom_start","Squirrel Chromosome Start (bp)"
"849","itridecemlineatus_homolog_chrom_end","Squirrel Chromosome End (bp)"
"850","itridecemlineatus_homolog_orthology_type","Homology Type"
"851","itridecemlineatus_homolog_subtype","Ancestor"
"852","itridecemlineatus_homolog_orthology_confidence","Orthology confidence [0 low, 1 high]"
"853","itridecemlineatus_homolog_perc_id","% Identity with respect to query gene"
"854","itridecemlineatus_homolog_perc_id_r1","% Identity with respect to Squirrel gene"
"855","itridecemlineatus_homolog_dn","dN"
"856","itridecemlineatus_homolog_ds","dS"
"857","gaculeatus_homolog_ensembl_gene","Stickleback Ensembl Gene ID"
"858","gaculeatus_homolog_canonical_transcript_protein","Canonical Protein or Transcript ID"
"859","gaculeatus_homolog_ensembl_peptide","Stickleback Ensembl Protein ID"
"860","gaculeatus_homolog_chromosome","Stickleback Chromosome Name"
"861","gaculeatus_homolog_chrom_start","Stickleback Chromosome Start (bp)"
"862","gaculeatus_homolog_chrom_end","Stickleback Chromosome End (bp)"
"863","gaculeatus_homolog_orthology_type","Homology Type"
"864","gaculeatus_homolog_subtype","Ancestor"
"865","gaculeatus_homolog_orthology_confidence","Orthology confidence [0 low, 1 high]"
"866","gaculeatus_homolog_perc_id","% Identity with respect to query gene"
"867","gaculeatus_homolog_perc_id_r1","% Identity with respect to Stickleback gene"
"868","gaculeatus_homolog_dn","dN"
"869","gaculeatus_homolog_ds","dS"
"870","tsyrichta_homolog_ensembl_gene","Tarsier Ensembl Gene ID"
"871","tsyrichta_homolog_canonical_transcript_protein","Canonical Protein or Transcript ID"
"872","tsyrichta_homolog_ensembl_peptide","Tarsier Ensembl Protein ID"
"873","tsyrichta_homolog_chromosome","Tarsier Chromosome Name"
"874","tsyrichta_homolog_chrom_start","Tarsier Chromosome Start (bp)"
"875","tsyrichta_homolog_chrom_end","Tarsier Chromosome End (bp)"
"876","tsyrichta_homolog_orthology_type","Homology Type"
"877","tsyrichta_homolog_subtype","Ancestor"
"878","tsyrichta_homolog_orthology_confidence","Orthology confidence [0 low, 1 high]"
"879","tsyrichta_homolog_perc_id","% Identity with respect to query gene"
"880","tsyrichta_homolog_perc_id_r1","% Identity with respect to Tarsier gene"
"881","sharrisii_homolog_ensembl_gene","Tasmanian Devil Ensembl Gene ID"
"882","sharrisii_homolog_canonical_transcript_protein","Canonical Protein or Transcript ID"
"883","sharrisii_homolog_ensembl_peptide","Tasmanian Devil Ensembl Protein ID"
"884","sharrisii_homolog_chromosome","Tasmanian Devil Chromosome Name"
"885","sharrisii_homolog_chrom_start","Tasmanian Devil Chromosome Start (bp)"
"886","sharrisii_homolog_chrom_end","Tasmanian Devil Chromosome End (bp)"
"887","sharrisii_homolog_orthology_type","Homology Type"
"888","sharrisii_homolog_subtype","Ancestor"
"889","sharrisii_homolog_orthology_confidence","Orthology confidence [0 low, 1 high]"
"890","sharrisii_homolog_perc_id","% Identity with respect to query gene"
"891","sharrisii_homolog_perc_id_r1","% Identity with respect to Tasmanian Devil gene"
"892","sharrisii_homolog_dn","dN"
"893","sharrisii_homolog_ds","dS"
"894","tnigroviridis_homolog_ensembl_gene","Tetraodon Ensembl Gene ID"
"895","tnigroviridis_homolog_canonical_transcript_protein","Canonical Protein or Transcript ID"
"896","tnigroviridis_homolog_ensembl_peptide","Tetraodon Ensembl Protein ID"
"897","tnigroviridis_homolog_chromosome","Tetraodon Chromosome Name"
"898","tnigroviridis_homolog_chrom_start","Tetraodon Chromosome Start (bp)"
"899","tnigroviridis_homolog_chrom_end","Tetraodon Chromosome End (bp)"
"900","tnigroviridis_homolog_orthology_type","Homology Type"
"901","tnigroviridis_homolog_subtype","Ancestor"
"902","tnigroviridis_homolog_orthology_confidence","Orthology confidence [0 low, 1 high]"
"903","tnigroviridis_homolog_perc_id","% Identity with respect to query gene"
"904","tnigroviridis_homolog_perc_id_r1","% Identity with respect to Tetraodon gene"
"905","tnigroviridis_homolog_dn","dN"
"906","tnigroviridis_homolog_ds","dS"
"907","tbelangeri_homolog_ensembl_gene","Tree Shrew Ensembl Gene ID"
"908","tbelangeri_homolog_canonical_transcript_protein","Canonical Protein or Transcript ID"
"909","tbelangeri_homolog_ensembl_peptide","Tree Shrew Ensembl Protein ID"
"910","tbelangeri_homolog_chromosome","Tree Shrew Chromosome Name"
"911","tbelangeri_homolog_chrom_start","Tree Shrew Chromosome Start (bp)"
"912","tbelangeri_homolog_chrom_end","Tree Shrew Chromosome End (bp)"
"913","tbelangeri_homolog_orthology_type","Homology Type"
"914","tbelangeri_homolog_subtype","Ancestor"
"915","tbelangeri_homolog_orthology_confidence","Orthology confidence [0 low, 1 high]"
"916","tbelangeri_homolog_perc_id","% Identity with respect to query gene"
"917","tbelangeri_homolog_perc_id_r1","% Identity with respect to Tree Shrew gene"
"918","mgallopavo_homolog_ensembl_gene","Turkey Ensembl Gene ID"
"919","mgallopavo_homolog_canonical_transcript_protein","Canonical Protein or Transcript ID"
"920","mgallopavo_homolog_ensembl_peptide","Turkey Ensembl Protein ID"
"921","mgallopavo_homolog_chromosome","Turkey Chromosome Name"
"922","mgallopavo_homolog_chrom_start","Turkey Chromosome Start (bp)"
"923","mgallopavo_homolog_chrom_end","Turkey Chromosome End (bp)"
"924","mgallopavo_homolog_orthology_type","Homology Type"
"925","mgallopavo_homolog_subtype","Ancestor"
"926","mgallopavo_homolog_orthology_confidence","Orthology confidence [0 low, 1 high]"
"927","mgallopavo_homolog_perc_id","% Identity with respect to query gene"
"928","mgallopavo_homolog_perc_id_r1","% Identity with respect to Turkey gene"
"929","mgallopavo_homolog_dn","dN"
"930","mgallopavo_homolog_ds","dS"
"931","csabaeus_homolog_ensembl_gene","Vervet-AGM Ensembl Gene ID"
"932","csabaeus_homolog_canonical_transcript_protein","Canonical Protein or Transcript ID"
"933","csabaeus_homolog_ensembl_peptide","Vervet-AGM Ensembl Protein ID"
"934","csabaeus_homolog_chromosome","Vervet-AGM Chromosome Name"
"935","csabaeus_homolog_chrom_start","Vervet-AGM Chromosome Start (bp)"
"936","csabaeus_homolog_chrom_end","Vervet-AGM Chromosome End (bp)"
"937","csabaeus_homolog_orthology_type","Homology Type"
"938","csabaeus_homolog_subtype","Ancestor"
"939","csabaeus_homolog_orthology_confidence","Orthology confidence [0 low, 1 high]"
"940","csabaeus_homolog_perc_id","% Identity with respect to query gene"
"941","csabaeus_homolog_perc_id_r1","% Identity with respect to Vervet-AGM gene"
"942","csabaeus_homolog_dn","dN"
"943","csabaeus_homolog_ds","dS"
"944","meugenii_homolog_ensembl_gene","Wallaby Ensembl Gene ID"
"945","meugenii_homolog_canonical_transcript_protein","Canonical Protein or Transcript ID"
"946","meugenii_homolog_ensembl_peptide","Wallaby Ensembl Protein ID"
"947","meugenii_homolog_chromosome","Wallaby Chromosome Name"
"948","meugenii_homolog_chrom_start","Wallaby Chromosome Start (bp)"
"949","meugenii_homolog_chrom_end","Wallaby Chromosome End (bp)"
"950","meugenii_homolog_orthology_type","Homology Type"
"951","meugenii_homolog_subtype","Ancestor"
"952","meugenii_homolog_orthology_confidence","Orthology confidence [0 low, 1 high]"
"953","meugenii_homolog_perc_id","% Identity with respect to query gene"
"954","meugenii_homolog_perc_id_r1","% Identity with respect to Wallaby gene"
"955","xtropicalis_homolog_ensembl_gene","Xenopus Ensembl Gene ID"
"956","xtropicalis_homolog_canonical_transcript_protein","Canonical Protein or Transcript ID"
"957","xtropicalis_homolog_ensembl_peptide","Xenopus Ensembl Protein ID"
"958","xtropicalis_homolog_chromosome","Xenopus Chromosome Name"
"959","xtropicalis_homolog_chrom_start","Xenopus Chromosome Start (bp)"
"960","xtropicalis_homolog_chrom_end","Xenopus Chromosome End (bp)"
"961","xtropicalis_homolog_orthology_type","Homology Type"
"962","xtropicalis_homolog_subtype","Ancestor"
"963","xtropicalis_homolog_orthology_confidence","Orthology confidence [0 low, 1 high]"
"964","xtropicalis_homolog_perc_id","% Identity with respect to query gene"
"965","xtropicalis_homolog_perc_id_r1","% Identity with respect to Xenopus gene"
"966","xtropicalis_homolog_dn","dN"
"967","xtropicalis_homolog_ds","dS"
"968","scerevisiae_homolog_ensembl_gene","Yeast Ensembl Gene ID"
"969","scerevisiae_homolog_canonical_transcript_protein","Canonical Protein or Transcript ID"
"970","scerevisiae_homolog_ensembl_peptide","Yeast Ensembl Protein ID"
"971","scerevisiae_homolog_chromosome","Yeast Chromosome Name"
"972","scerevisiae_homolog_chrom_start","Yeast Chromosome Start (bp)"
"973","scerevisiae_homolog_chrom_end","Yeast Chromosome End (bp)"
"974","scerevisiae_homolog_orthology_type","Homology Type"
"975","scerevisiae_homolog_subtype","Ancestor"
"976","scerevisiae_homolog_orthology_confidence","Orthology confidence [0 low, 1 high]"
"977","scerevisiae_homolog_perc_id","% Identity with respect to query gene"
"978","scerevisiae_homolog_perc_id_r1","% Identity with respect to Yeast gene"
"979","scerevisiae_homolog_dn","dN"
"980","scerevisiae_homolog_ds","dS"
"981","tguttata_homolog_ensembl_gene","Zebra Finch Ensembl Gene ID"
"982","tguttata_homolog_canonical_transcript_protein","Canonical Protein or Transcript ID"
"983","tguttata_homolog_ensembl_peptide","Zebra Finch Ensembl Protein ID"
"984","tguttata_homolog_chromosome","Zebra Finch Chromosome Name"
"985","tguttata_homolog_chrom_start","Zebra Finch Chromosome Start (bp)"
"986","tguttata_homolog_chrom_end","Zebra Finch Chromosome End (bp)"
"987","tguttata_homolog_orthology_type","Homology Type"
"988","tguttata_homolog_subtype","Ancestor"
"989","tguttata_homolog_orthology_confidence","Orthology confidence [0 low, 1 high]"
"990","tguttata_homolog_perc_id","% Identity with respect to query gene"
"991","tguttata_homolog_perc_id_r1","% Identity with respect to Zebra Finch gene"
"992","tguttata_homolog_dn","dN"
"993","tguttata_homolog_ds","dS"
"994","drerio_homolog_ensembl_gene","Zebrafish Ensembl Gene ID"
"995","drerio_homolog_canonical_transcript_protein","Canonical Protein or Transcript ID"
"996","drerio_homolog_ensembl_peptide","Zebrafish Ensembl Protein ID"
"997","drerio_homolog_chromosome","Zebrafish Chromosome Name"
"998","drerio_homolog_chrom_start","Zebrafish Chromosome Start (bp)"
"999","drerio_homolog_chrom_end","Zebrafish Chromosome End (bp)"
"1000","drerio_homolog_orthology_type","Homology Type"
"1001","drerio_homolog_subtype","Ancestor"
"1002","drerio_homolog_orthology_confidence","Orthology confidence [0 low, 1 high]"
"1003","drerio_homolog_perc_id","% Identity with respect to query gene"
"1004","drerio_homolog_perc_id_r1","% Identity with respect to Zebrafish gene"
"1005","drerio_homolog_dn","dN"
"1006","drerio_homolog_ds","dS"
"1007","celegans_paralog_subtype","Ancestor"
"1008","celegans_paralog_ensembl_gene","Caenorhabditis elegans Paralog Ensembl Gene ID"
"1009","celegans_paralog_canonical_transcript_protein","Canonical Protein or Transcript ID"
"1010","celegans_paralog_ensembl_peptide","Caenorhabditis elegans Paralog Ensembl Protein ID"
"1011","celegans_paralog_chromosome","Caenorhabditis elegans Paralog Chromosome Name"
"1012","celegans_paralog_chrom_start","Caenorhabditis elegans Paralog Chr Start (bp)"
"1013","celegans_paralog_chrom_end","Caenorhabditis elegans Paralog Chr End (bp)"
"1014","celegans_paralog_orthology_type","Homology Type"
"1015","celegans_paralog_paralogy_confidence","Paralogy confidence [0 low, 1 high]"
"1016","celegans_paralog_perc_id","% Identity with respect to query gene"
"1017","celegans_paralog_perc_id_r1","% Identity with respect to Caenorhabditis elegans gene"
"1018","celegans_paralog_dn","dN"
"1019","celegans_paralog_ds","dS"
"1020","ensembl_gene_id","Ensembl Gene ID"
"1021","ensembl_transcript_id","Ensembl Transcript ID"
"1022","ensembl_peptide_id","Ensembl Protein ID"
"1023","chromosome_name","Chromosome Name"
"1024","start_position","Gene Start (bp)"
"1025","end_position","Gene End (bp)"
"1026","strand","Strand"
"1027","band","Band"
"1028","external_gene_name","Associated Gene Name"
"1029","external_gene_source","Associated Gene Source"
"1030","transcript_count","Transcript count"
"1031","percentage_gc_content","% GC content"
"1032","description","Description"
"1033","ensembl_gene_id","Ensembl Gene ID"
"1034","ensembl_transcript_id","Ensembl Transcript ID"
"1035","ensembl_peptide_id","Ensembl Protein ID"
"1036","chromosome_name","Chromosome Name"
"1037","start_position","Gene Start (bp)"
"1038","end_position","Gene End (bp)"
"1039","strand","Strand"
"1040","band","Band"
"1041","external_gene_name","Associated Gene Name"
"1042","external_gene_source","Associated Gene Source"
"1043","transcript_count","Transcript count"
"1044","percentage_gc_content","% GC content"
"1045","description","Description"
"1046","transcript_exon_intron","Unspliced (Transcript)"
"1047","gene_exon_intron","Unspliced (Gene)"
"1048","transcript_flank","Flank (Transcript)"
"1049","gene_flank","Flank (Gene)"
"1050","coding_transcript_flank","Flank-coding region (Transcript)"
"1051","coding_gene_flank","Flank-coding region (Gene)"
"1052","5utr","5' UTR"
"1053","3utr","3' UTR"
"1054","gene_exon","Exon sequences"
"1055","cdna","cDNA sequences"
"1056","coding","Coding sequence"
"1057","peptide","Peptide"
"1058","upstream_flank","upstream_flank"
"1059","downstream_flank","downstream_flank"
"1060","ensembl_gene_id","Ensembl Gene ID"
"1061","description","Description"
"1062","external_gene_name","Associated Gene Name"
"1063","external_gene_source","Associated Gene Source"
"1064","chromosome_name","Chromosome Name"
"1065","start_position","Gene Start (bp)"
"1066","end_position","Gene End (bp)"
"1067","gene_biotype","Gene type"
"1068","family","Ensembl Protein Family ID(s)"
"1069","cdna_coding_start","CDS start (within cDNA)"
"1070","cdna_coding_end","CDS end (within cDNA)"
"1071","5_utr_start","5' UTR Start"
"1072","5_utr_end","5' UTR End"
"1073","3_utr_start","3' UTR Start"
"1074","3_utr_end","3' UTR End"
"1075","ensembl_transcript_id","Ensembl Transcript ID"
"1076","ensembl_peptide_id","Ensembl Protein ID"
"1077","transcript_biotype","Transcript type"
"1078","strand","Strand"
"1079","transcript_start","Transcript Start (bp)"
"1080","transcript_end","Transcript End (bp)"
"1081","transcription_start_site","Transcription Start Site (TSS)"
"1082","transcript_length","Transcript length (including UTRs and CDS)"
"1083","cds_length","CDS Length"
"1084","cds_start","CDS Start"
"1085","cds_end","CDS End"
"1086","ensembl_exon_id","Ensembl Exon ID"
"1087","exon_chrom_start","Exon Chr Start (bp)"
"1088","exon_chrom_end","Exon Chr End (bp)"
"1089","strand","Strand"
"1090","rank","Exon Rank in Transcript"
"1091","phase","phase"
"1092","cdna_coding_start","cDNA coding start"
"1093","cdna_coding_end","cDNA coding end"
"1094","genomic_coding_start","Genomic coding start"
"1095","genomic_coding_end","Genomic coding end"
"1096","is_constitutive","Constitutive Exon"
